item_id,qty_sugerida,moq,multiplo,importe,supplier_name,motivo
1141,0,,,,,rotura
1147,0,,,,,rotura
1150,0,,,,,rotura
1152,0,,,,,rotura
1155,0,,,,,rotura
1157,0,,,,,rotura
1159,0,,,,,rotura
1162,0,,,,,rotura
1163,0,,,,,rotura
1169,0,,,,,rotura
1170,0,,,,,rotura
1174,0,,,,,rotura
1176,0,,,,,rotura
1177,0,,,,,rotura
1181,0,,,,,rotura
1183,0,,,,,rotura
1184,0,,,,,rotura
1185,0,,,,,rotura
1187,0,,,,,rotura
1188,0,,,,,rotura
1194,0,,,,,rotura
1197,0,,,,,rotura
1199,0,,,,,rotura
1201,0,,,,,rotura
1204,0,,,,,rotura
1206,0,,,,,rotura
1207,0,,,,,rotura
1210,0,,,,,rotura
1215,0,,,,,rotura
1221,0,,,,,rotura
1222,0,,,,,rotura
1225,0,,,,,rotura
1229,0,,,,,rotura
1385,0,,,,,rotura
1389,0,,,,,rotura
1390,0,,,,,rotura
1392,0,,,,,rotura
1395,0,,,,,rotura
1403,0,,,,,rotura
1404,0,,,,,rotura
1410,0,,,,,rotura
1411,0,,,,,rotura
1412,0,,,,,rotura
1413,0,,,,,rotura
1416,0,,,,,rotura
1418,0,,,,,rotura
1419,0,,,,,rotura
1420,0,,,,,rotura
1421,0,,,,,rotura
1422,0,,,,,rotura
1427,0,,,,,rotura
1428,0,,,,,rotura
1429,0,,,,,rotura
1434,0,,,,,rotura
1436,0,,,,,rotura
1437,0,,,,,rotura
1438,0,,,,,rotura
1439,0,,,,,rotura
1440,0,,,,,rotura
1444,0,,,,,rotura
1445,0,,,,,rotura
1446,0,,,,,rotura
1447,0,,,,,rotura
1449,0,,,,,rotura
1453,0,,,,,rotura
1456,0,,,,,rotura
1457,0,,,,,rotura
1459,0,,,,,rotura
1461,0,,,,,rotura
1469,0,,,,,rotura
1474,0,,,,,rotura
1476,0,,,,,rotura
1477,0,,,,,rotura
1478,0,,,,,rotura
1479,0,,,,,rotura
1481,0,,,,,rotura
1482,0,,,,,rotura
1483,0,,,,,rotura
1484,0,,,,,rotura
1485,0,,,,,rotura
1486,0,,,,,rotura
1488,0,,,,,rotura
1490,0,,,,,rotura
1492,0,,,,,rotura
1493,0,,,,,rotura
1503,0,,,,,rotura
1507,0,,,,,rotura
1508,0,,,,,rotura
1513,0,,,,,rotura
1523,0,,,,,rotura
1526,0,,,,,rotura
1527,0,,,,,rotura
1528,0,,,,,rotura
1529,0,,,,,rotura
1531,0,,,,,rotura
1533,0,,,,,rotura
1534,0,,,,,rotura
1535,0,,,,,rotura
1536,0,,,,,rotura
1537,0,,,,,rotura
1539,0,,,,,rotura
1541,0,,,,,rotura
1542,0,,,,,rotura
1543,0,,,,,rotura
1544,0,,,,,rotura
1545,0,,,,,rotura
1547,0,,,,,rotura
1550,0,,,,,rotura
1553,0,,,,,rotura
1556,0,,,,,rotura
1558,0,,,,,rotura
1560,0,,,,,rotura
1564,0,,,,,rotura
1566,0,,,,,rotura
1569,0,,,,,rotura
1571,0,,,,,rotura
1574,0,,,,,rotura
1576,0,,,,,rotura
1577,0,,,,,rotura
1578,0,,,,,rotura
1581,0,,,,,rotura
1584,0,,,,,rotura
1585,0,,,,,rotura
1587,0,,,,,rotura
1588,0,,,,,rotura
1589,0,,,,,rotura
1593,0,,,,,rotura
1594,0,,,,,rotura
1605,0,,,,,rotura
1608,0,,,,,rotura
1613,0,,,,,rotura
1614,0,,,,,rotura
1620,0,,,,,rotura
1623,0,,,,,rotura
1628,0,,,,,rotura
1652,0,,,,,rotura
1654,0,,,,,rotura
1658,0,,,,,rotura
1660,0,,,,,rotura
1661,0,,,,,rotura
1663,0,,,,,rotura
1665,0,,,,,rotura
1666,0,,,,,rotura
1669,0,,,,,rotura
1670,0,,,,,rotura
1672,0,,,,,rotura
1674,0,,,,,rotura
1675,0,,,,,rotura
1685,0,,,,,rotura
1690,0,,,,,rotura
1695,0,,,,,rotura
1696,0,,,,,rotura
1701,0,,,,,rotura
1705,0,,,,,rotura
1713,0,,,,,rotura
1717,0,,,,,rotura
1723,0,,,,,rotura
1726,0,,,,,rotura
1727,0,,,,,rotura
1733,0,,,,,rotura
1734,0,,,,,rotura
1736,0,,,,,rotura
1739,0,,,,,rotura
1744,0,,,,,rotura
1749,0,,,,,rotura
1750,0,,,,,rotura
1756,0,,,,,rotura
1760,0,,,,,rotura
1762,0,,,,,rotura
1764,0,,,,,rotura
1770,0,,,,,rotura
1771,0,,,,,rotura
1772,0,,,,,rotura
1773,0,,,,,rotura
1774,0,,,,,rotura
1775,0,,,,,rotura
1777,0,,,,,rotura
1779,0,,,,,rotura
1780,0,,,,,rotura
1781,0,,,,,rotura
1783,0,,,,,rotura
1785,0,,,,,rotura
1788,0,,,,,rotura
1789,0,,,,,rotura
1791,0,,,,,rotura
1792,0,,,,,rotura
1795,0,,,,,rotura
1797,0,,,,,rotura
1809,0,,,,,rotura
1810,0,,,,,rotura
1811,0,,,,,rotura
1815,0,,,,,rotura
1817,0,,,,,rotura
1818,0,,,,,rotura
1819,0,,,,,rotura
1824,0,,,,,rotura
1825,0,,,,,rotura
1862,0,,,,,rotura
1865,0,,,,,rotura
1866,0,,,,,rotura
1867,0,,,,,rotura
1869,0,,,,,rotura
1872,0,,,,,rotura
1873,0,,,,,rotura
1874,0,,,,,rotura
1876,0,,,,,rotura
1878,0,,,,,rotura
1879,0,,,,,rotura
1882,0,,,,,rotura
1884,0,,,,,rotura
1890,0,,,,,rotura
1891,0,,,,,rotura
1892,0,,,,,rotura
1893,0,,,,,rotura
1894,0,,,,,rotura
1895,0,,,,,rotura
1896,0,,,,,rotura
1912,0,,,,,rotura
1913,0,,,,,rotura
1914,0,,,,,rotura
1916,0,,,,,rotura
1917,0,,,,,rotura
1918,0,,,,,rotura
1920,0,,,,,rotura
1926,0,,,,,rotura
1927,0,,,,,rotura
1928,0,,,,,rotura
1929,0,,,,,rotura
1931,0,,,,,rotura
1932,0,,,,,rotura
1933,0,,,,,rotura
1938,0,,,,,rotura
1939,0,,,,,rotura
1947,0,,,,,rotura
1948,0,,,,,rotura
1949,0,,,,,rotura
1950,0,,,,,rotura
1952,0,,,,,rotura
1965,0,,,,,rotura
1981,0,,,,,rotura
1993,0,,,,,rotura
1995,0,,,,,rotura
2001,0,,,,,rotura
2004,0,,,,,rotura
2005,0,,,,,rotura
2009,0,,,,,rotura
2011,0,,,,,rotura
2052,0,,,,,rotura
2057,0,,,,,rotura
2061,0,,,,,rotura
2063,0,,,,,rotura
2064,0,,,,,rotura
2065,0,,,,,rotura
2069,0,,,,,rotura
2112,0,,,,,rotura
2113,0,,,,,rotura
2114,0,,,,,rotura
2116,0,,,,,rotura
2117,0,,,,,rotura
2118,0,,,,,rotura
2120,0,,,,,rotura
2121,0,,,,,rotura
2122,0,,,,,rotura
2123,0,,,,,rotura
2124,0,,,,,rotura
2128,0,,,,,rotura
2131,0,,,,,rotura
2133,0,,,,,rotura
2147,0,,,,,rotura
2150,0,,,,,rotura
2164,0,,,,,rotura
2167,0,,,,,rotura
2179,0,,,,,rotura
2191,0,,,,,rotura
2192,0,,,,,rotura
2195,0,,,,,rotura
2197,0,,,,,rotura
2198,0,,,,,rotura
2200,0,,,,,rotura
2202,0,,,,,rotura
2209,0,,,,,rotura
2214,0,,,,,rotura
2217,0,,,,,rotura
2218,0,,,,,rotura
2222,0,,,,,rotura
2223,0,,,,,rotura
2224,0,,,,,rotura
2225,0,,,,,rotura
2230,0,,,,,rotura
2236,0,,,,,rotura
2237,0,,,,,rotura
2240,0,,,,,rotura
2244,0,,,,,rotura
2253,0,,,,,rotura
2256,0,,,,,rotura
2257,0,,,,,rotura
2259,0,,,,,rotura
2260,0,,,,,rotura
2264,0,,,,,rotura
2270,0,,,,,rotura
2272,0,,,,,rotura
2278,0,,,,,rotura
2281,0,,,,,rotura
2283,0,,,,,rotura
2285,0,,,,,rotura
2287,0,,,,,rotura
2288,0,,,,,rotura
2289,0,,,,,rotura
2293,0,,,,,rotura
2294,0,,,,,rotura
2295,0,,,,,rotura
2296,0,,,,,rotura
2298,0,,,,,rotura
2299,0,,,,,rotura
2332,0,,,,,rotura
2333,0,,,,,rotura
2334,0,,,,,rotura
2335,0,,,,,rotura
2337,0,,,,,rotura
2338,0,,,,,rotura
2339,0,,,,,rotura
2340,0,,,,,rotura
2345,0,,,,,rotura
2346,0,,,,,rotura
2347,0,,,,,rotura
2349,0,,,,,rotura
2350,0,,,,,rotura
2351,0,,,,,rotura
2352,0,,,,,rotura
2353,0,,,,,rotura
2354,0,,,,,rotura
2355,0,,,,,rotura
2356,0,,,,,rotura
2357,0,,,,,rotura
2361,0,,,,,rotura
2363,0,,,,,rotura
2374,0,,,,,rotura
2375,0,,,,,rotura
2377,0,,,,,rotura
2378,0,,,,,rotura
2380,0,,,,,rotura
2384,0,,,,,rotura
2385,0,,,,,rotura
2387,0,,,,,rotura
2392,0,,,,,rotura
2397,0,,,,,rotura
2399,0,,,,,rotura
2400,0,,,,,rotura
2401,0,,,,,rotura
2402,0,,,,,rotura
2403,0,,,,,rotura
2405,0,,,,,rotura
2413,0,,,,,rotura
2416,0,,,,,rotura
2417,0,,,,,rotura
2425,0,,,,,rotura
2426,0,,,,,rotura
2431,0,,,,,rotura
2432,0,,,,,rotura
2433,0,,,,,rotura
2436,0,,,,,rotura
2443,0,,,,,rotura
2449,0,,,,,rotura
2450,0,,,,,rotura
2453,0,,,,,rotura
2455,0,,,,,rotura
2459,0,,,,,rotura
2465,0,,,,,rotura
2468,0,,,,,rotura
2469,0,,,,,rotura
2471,0,,,,,rotura
2472,0,,,,,rotura
2473,0,,,,,rotura
2474,0,,,,,rotura
2477,0,,,,,rotura
2481,0,,,,,rotura
2513,0,,,,,rotura
2514,0,,,,,rotura
2515,0,,,,,rotura
2518,0,,,,,rotura
2520,0,,,,,rotura
2521,0,,,,,rotura
2522,0,,,,,rotura
2523,0,,,,,rotura
2524,0,,,,,rotura
2526,0,,,,,rotura
2527,0,,,,,rotura
2528,0,,,,,rotura
2530,0,,,,,rotura
2538,0,,,,,rotura
2539,0,,,,,rotura
2541,0,,,,,rotura
2542,0,,,,,rotura
2545,0,,,,,rotura
2548,0,,,,,rotura
2552,0,,,,,rotura
2554,0,,,,,rotura
2555,0,,,,,rotura
2557,0,,,,,rotura
2558,0,,,,,rotura
2560,0,,,,,rotura
2561,0,,,,,rotura
2564,0,,,,,rotura
2565,0,,,,,rotura
2566,0,,,,,rotura
2573,0,,,,,rotura
2574,0,,,,,rotura
2578,0,,,,,rotura
2582,0,,,,,rotura
2591,0,,,,,rotura
2594,0,,,,,rotura
2598,0,,,,,rotura
2599,0,,,,,rotura
2614,0,,,,,rotura
2616,0,,,,,rotura
2619,0,,,,,rotura
2622,0,,,,,rotura
2624,0,,,,,rotura
2626,0,,,,,rotura
2628,0,,,,,rotura
2631,0,,,,,rotura
2638,0,,,,,rotura
2641,0,,,,,rotura
2642,0,,,,,rotura
2646,0,,,,,rotura
2650,0,,,,,rotura
2651,0,,,,,rotura
2764,0,,,,,rotura
2766,0,,,,,rotura
2769,0,,,,,rotura
2770,0,,,,,rotura
2773,0,,,,,rotura
2774,0,,,,,rotura
2775,0,,,,,rotura
2778,0,,,,,rotura
2785,0,,,,,rotura
2786,0,,,,,rotura
2788,0,,,,,rotura
2790,0,,,,,rotura
2792,0,,,,,rotura
2793,0,,,,,rotura
2796,0,,,,,rotura
2798,0,,,,,rotura
2799,0,,,,,rotura
2807,0,,,,,rotura
2809,0,,,,,rotura
2813,0,,,,,rotura
2814,0,,,,,rotura
2820,0,,,,,rotura
2822,0,,,,,rotura
2826,0,,,,,rotura
2828,0,,,,,rotura
2830,0,,,,,rotura
2831,0,,,,,rotura
2832,0,,,,,rotura
2833,0,,,,,rotura
2836,0,,,,,rotura
2837,0,,,,,rotura
2839,0,,,,,rotura
2840,0,,,,,rotura
2841,0,,,,,rotura
2843,0,,,,,rotura
2844,0,,,,,rotura
2845,0,,,,,rotura
2846,0,,,,,rotura
2848,0,,,,,rotura
2849,0,,,,,rotura
2850,0,,,,,rotura
2851,0,,,,,rotura
2855,0,,,,,rotura
2856,0,,,,,rotura
2857,0,,,,,rotura
2858,0,,,,,rotura
2860,0,,,,,rotura
2861,0,,,,,rotura
2862,0,,,,,rotura
2867,0,,,,,rotura
2871,0,,,,,rotura
2873,0,,,,,rotura
2878,0,,,,,rotura
2883,0,,,,,rotura
2892,0,,,,,rotura
2902,0,,,,,rotura
2910,0,,,,,rotura
2911,0,,,,,rotura
2915,0,,,,,rotura
2916,0,,,,,rotura
2922,0,,,,,rotura
2923,0,,,,,rotura
2924,0,,,,,rotura
2925,0,,,,,rotura
2927,0,,,,,rotura
2931,0,,,,,rotura
2934,0,,,,,rotura
2942,0,,,,,rotura
2944,0,,,,,rotura
2949,0,,,,,rotura
2953,0,,,,,rotura
2960,0,,,,,rotura
2963,0,,,,,rotura
2967,0,,,,,rotura
2975,0,,,,,rotura
2977,0,,,,,rotura
2984,0,,,,,rotura
2992,0,,,,,rotura
2993,0,,,,,rotura
2994,0,,,,,rotura
2995,0,,,,,rotura
2997,0,,,,,rotura
2999,0,,,,,rotura
3012,0,,,,,rotura
3013,0,,,,,rotura
3014,0,,,,,rotura
3015,0,,,,,rotura
3017,0,,,,,rotura
3023,0,,,,,rotura
3025,0,,,,,rotura
3027,0,,,,,rotura
3030,0,,,,,rotura
3031,0,,,,,rotura
3032,0,,,,,rotura
3034,0,,,,,rotura
3035,0,,,,,rotura
3037,0,,,,,rotura
3039,0,,,,,rotura
3040,0,,,,,rotura
3043,0,,,,,rotura
3044,0,,,,,rotura
3046,0,,,,,rotura
3048,0,,,,,rotura
3049,0,,,,,rotura
3050,0,,,,,rotura
3051,0,,,,,rotura
3053,0,,,,,rotura
3054,0,,,,,rotura
3055,0,,,,,rotura
3059,0,,,,,rotura
3062,0,,,,,rotura
3063,0,,,,,rotura
3068,0,,,,,rotura
3075,0,,,,,rotura
3077,0,,,,,rotura
3078,0,,,,,rotura
3079,0,,,,,rotura
3081,0,,,,,rotura
3085,0,,,,,rotura
3086,0,,,,,rotura
3087,0,,,,,rotura
3091,0,,,,,rotura
3092,0,,,,,rotura
3096,0,,,,,rotura
3097,0,,,,,rotura
3103,0,,,,,rotura
3105,0,,,,,rotura
3106,0,,,,,rotura
3108,0,,,,,rotura
3111,0,,,,,rotura
3114,0,,,,,rotura
3116,0,,,,,rotura
3117,0,,,,,rotura
3125,0,,,,,rotura
3133,0,,,,,rotura
3135,0,,,,,rotura
3137,0,,,,,rotura
3139,0,,,,,rotura
3140,0,,,,,rotura
3143,0,,,,,rotura
3150,0,,,,,rotura
3151,0,,,,,rotura
3153,0,,,,,rotura
3160,0,,,,,rotura
3161,0,,,,,rotura
3162,0,,,,,rotura
3164,0,,,,,rotura
3165,0,,,,,rotura
3166,0,,,,,rotura
3167,0,,,,,rotura
3169,0,,,,,rotura
3171,0,,,,,rotura
3172,0,,,,,rotura
3175,0,,,,,rotura
3176,0,,,,,rotura
3177,0,,,,,rotura
3178,0,,,,,rotura
3179,0,,,,,rotura
3183,0,,,,,rotura
3184,0,,,,,rotura
3187,0,,,,,rotura
3189,0,,,,,rotura
3194,0,,,,,rotura
3197,0,,,,,rotura
3201,0,,,,,rotura
3204,0,,,,,rotura
3206,0,,,,,rotura
3208,0,,,,,rotura
3211,0,,,,,rotura
3212,0,,,,,rotura
3214,0,,,,,rotura
3216,0,,,,,rotura
3220,0,,,,,rotura
3221,0,,,,,rotura
3222,0,,,,,rotura
3224,0,,,,,rotura
3226,0,,,,,rotura
3233,0,,,,,rotura
3239,0,,,,,rotura
3241,0,,,,,rotura
3242,0,,,,,rotura
3243,0,,,,,rotura
3251,0,,,,,rotura
3257,0,,,,,rotura
3258,0,,,,,rotura
3259,0,,,,,rotura
3265,0,,,,,rotura
3267,0,,,,,rotura
3269,0,,,,,rotura
3271,0,,,,,rotura
3273,0,,,,,rotura
3276,0,,,,,rotura
3277,0,,,,,rotura
3278,0,,,,,rotura
3283,0,,,,,rotura
3284,0,,,,,rotura
3301,0,,,,,rotura
3305,2,0.0,1.0,14.28,,rotura
3311,0,,,,,rotura
3317,0,,,,,rotura
3318,0,,,,,rotura
3322,0,,,,,rotura
3327,0,,,,,rotura
3329,0,,,,,rotura
3330,0,,,,,rotura
3331,0,,,,,rotura
3342,0,,,,,rotura
3350,0,,,,,rotura
3352,0,,,,,rotura
3408,0,,,,,rotura
3409,0,,,,,rotura
3411,0,,,,,rotura
3412,0,,,,,rotura
3415,0,,,,,rotura
3417,0,,,,,rotura
3420,0,,,,,rotura
3422,0,,,,,rotura
3426,0,,,,,rotura
3462,0,,,,,rotura
3464,0,,,,,rotura
3465,0,,,,,rotura
3472,0,,,,,rotura
3473,0,,,,,rotura
3477,0,,,,,rotura
3480,0,,,,,rotura
3481,0,,,,,rotura
3484,0,,,,,rotura
3496,0,,,,,rotura
3497,0,,,,,rotura
3500,0,,,,,rotura
3502,0,,,,,rotura
3504,0,,,,,rotura
3507,0,,,,,rotura
3511,0,,,,,rotura
3514,0,,,,,rotura
3517,0,,,,,rotura
3519,0,,,,,rotura
3525,0,,,,,rotura
3529,0,,,,,rotura
3534,0,,,,,rotura
3536,0,,,,,rotura
3538,0,,,,,rotura
3539,0,,,,,rotura
3542,0,,,,,rotura
3543,0,,,,,rotura
3544,0,,,,,rotura
3547,0,,,,,rotura
3552,0,,,,,rotura
3556,0,,,,,rotura
3560,0,,,,,rotura
3567,0,,,,,rotura
3574,0,,,,,rotura
3576,0,,,,,rotura
3580,0,,,,,rotura
3581,0,,,,,rotura
3584,0,,,,,rotura
3585,0,,,,,rotura
3586,0,,,,,rotura
3596,0,,,,,rotura
3601,0,,,,,rotura
3604,0,,,,,rotura
3608,0,,,,,rotura
3610,0,,,,,rotura
3621,0,,,,,rotura
3623,0,,,,,rotura
3624,0,,,,,rotura
3627,0,,,,,rotura
3630,0,,,,,rotura
3632,0,,,,,rotura
3640,0,,,,,rotura
3643,0,,,,,rotura
3648,0,,,,,rotura
3649,0,,,,,rotura
3650,0,,,,,rotura
3653,0,,,,,rotura
3661,0,,,,,rotura
3662,0,,,,,rotura
3663,0,,,,,rotura
3665,0,,,,,rotura
3667,0,,,,,rotura
3668,0,,,,,rotura
3672,0,,,,,rotura
3682,0,,,,,rotura
3685,0,,,,,rotura
3689,0,,,,,rotura
3691,0,,,,,rotura
3694,0,,,,,rotura
3707,0,,,,,rotura
3714,0,,,,,rotura
3719,0,,,,,rotura
3722,0,,,,,rotura
3730,0,,,,,rotura
3735,0,,,,,rotura
3738,0,,,,,rotura
3740,0,,,,,rotura
3743,0,,,,,rotura
3748,0,,,,,rotura
3754,0,,,,,rotura
3755,0,,,,,rotura
3756,0,,,,,rotura
3759,0,,,,,rotura
3760,0,,,,,rotura
3768,0,,,,,rotura
3775,0,,,,,rotura
3777,0,,,,,rotura
3780,0,,,,,rotura
3793,0,,,,,rotura
3794,0,,,,,rotura
3797,0,,,,,rotura
3798,0,,,,,rotura
3801,0,,,,,rotura
3803,0,,,,,rotura
3805,0,,,,,rotura
3809,0,,,,,rotura
3810,0,,,,,rotura
3811,0,,,,,rotura
3812,0,,,,,rotura
3813,0,,,,,rotura
3814,0,,,,,rotura
3817,0,,,,,rotura
3820,0,,,,,rotura
3823,0,,,,,rotura
3824,0,,,,,rotura
3826,0,,,,,rotura
3829,0,,,,,rotura
3831,0,,,,,rotura
3837,0,,,,,rotura
3845,0,,,,,rotura
3847,0,,,,,rotura
3848,0,,,,,rotura
3850,0,,,,,rotura
3858,0,,,,,rotura
3878,0,,,,,rotura
3882,0,,,,,rotura
3886,0,,,,,rotura
3888,0,,,,,rotura
3889,0,,,,,rotura
3900,0,,,,,rotura
3908,0,,,,,rotura
3930,0,,,,,rotura
3937,0,,,,,rotura
3938,0,,,,,rotura
3939,0,,,,,rotura
3942,0,,,,,rotura
3944,0,,,,,rotura
3949,0,,,,,rotura
3953,0,,,,,rotura
3954,0,,,,,rotura
3957,0,,,,,rotura
3961,0,,,,,rotura
3962,0,,,,,rotura
3963,0,,,,,rotura
3966,0,,,,,rotura
3971,0,,,,,rotura
3974,0,,,,,rotura
3975,0,,,,,rotura
3978,0,,,,,rotura
3979,0,,,,,rotura
3982,0,,,,,rotura
3995,0,,,,,rotura
3997,0,,,,,rotura
4001,0,,,,,rotura
4006,0,,,,,rotura
4011,0,,,,,rotura
4012,0,,,,,rotura
4013,0,,,,,rotura
4019,0,,,,,rotura
4026,0,,,,,rotura
4033,0,,,,,rotura
4039,0,,,,,rotura
4040,0,,,,,rotura
4045,0,,,,,rotura
4048,0,,,,,rotura
4050,0,,,,,rotura
4057,0,,,,,rotura
4058,0,,,,,rotura
4059,0,,,,,rotura
4069,0,,,,,rotura
4084,0,,,,,rotura
4085,0,,,,,rotura
4087,0,,,,,rotura
4089,0,,,,,rotura
4091,0,,,,,rotura
4092,0,,,,,rotura
4093,0,,,,,rotura
4094,0,,,,,rotura
4095,0,,,,,rotura
4101,0,,,,,rotura
4102,0,,,,,rotura
4119,0,,,,,rotura
4120,0,,,,,rotura
4121,0,,,,,rotura
4123,0,,,,,rotura
4194,0,,,,,rotura
4195,0,,,,,rotura
4197,0,,,,,rotura
4198,0,,,,,rotura
4199,0,,,,,rotura
4200,0,,,,,rotura
4201,0,,,,,rotura
4202,0,,,,,rotura
4203,0,,,,,rotura
4205,0,,,,,rotura
4206,0,,,,,rotura
4207,0,,,,,rotura
4208,0,,,,,rotura
4211,0,,,,,rotura
4212,0,,,,,rotura
4214,0,,,,,rotura
4215,0,,,,,rotura
4216,0,,,,,rotura
4220,0,,,,,rotura
4222,0,,,,,rotura
4223,0,,,,,rotura
4225,0,,,,,rotura
4230,0,,,,,rotura
4233,0,,,,,rotura
4234,0,,,,,rotura
4235,0,,,,,rotura
4238,0,,,,,rotura
4244,0,,,,,rotura
4245,0,,,,,rotura
4246,0,,,,,rotura
4247,0,,,,,rotura
4248,0,,,,,rotura
4249,0,,,,,rotura
4251,0,,,,,rotura
4252,0,,,,,rotura
4253,0,,,,,rotura
4254,0,,,,,rotura
4257,0,,,,,rotura
4258,0,,,,,rotura
4262,0,,,,,rotura
4264,0,,,,,rotura
4266,0,,,,,rotura
4268,0,,,,,rotura
4270,0,,,,,rotura
4271,0,,,,,rotura
4272,0,,,,,rotura
4274,0,,,,,rotura
4278,0,,,,,rotura
4281,0,,,,,rotura
4285,0,,,,,rotura
4286,0,,,,,rotura
4324,0,,,,,rotura
4328,0,,,,,rotura
4329,0,,,,,rotura
4334,0,,,,,rotura
4335,0,,,,,rotura
4339,0,,,,,rotura
4340,0,,,,,rotura
4343,0,,,,,rotura
4345,0,,,,,rotura
4346,0,,,,,rotura
4347,3,0.0,1.0,75.1,,rotura
4348,0,,,,,rotura
4351,0,,,,,rotura
4353,0,,,,,rotura
4355,0,,,,,rotura
4356,0,,,,,rotura
4362,0,,,,,rotura
4366,0,,,,,rotura
4371,0,,,,,rotura
4379,0,,,,,rotura
4380,0,,,,,rotura
4381,0,,,,,rotura
4382,0,,,,,rotura
4388,0,,,,,rotura
4389,0,,,,,rotura
4390,0,,,,,rotura
4391,0,,,,,rotura
4392,0,,,,,rotura
4395,0,,,,,rotura
4398,0,,,,,rotura
4401,0,,,,,rotura
4403,0,,,,,rotura
4406,0,,,,,rotura
4409,0,,,,,rotura
4411,0,,,,,rotura
4412,0,,,,,rotura
4413,0,,,,,rotura
4415,0,,,,,rotura
4416,0,,,,,rotura
4418,0,,,,,rotura
4420,0,,,,,rotura
4421,0,,,,,rotura
4422,0,,,,,rotura
4423,0,,,,,rotura
4424,0,,,,,rotura
4425,0,,,,,rotura
4428,0,,,,,rotura
4429,0,,,,,rotura
4430,0,,,,,rotura
4433,0,,,,,rotura
4436,0,,,,,rotura
4439,0,,,,,rotura
4442,0,,,,,rotura
4443,0,,,,,rotura
4444,0,,,,,rotura
4447,0,,,,,rotura
4449,0,,,,,rotura
4452,0,,,,,rotura
4453,0,,,,,rotura
4455,0,,,,,rotura
4460,0,,,,,rotura
4465,0,,,,,rotura
4467,0,,,,,rotura
4468,0,,,,,rotura
4476,0,,,,,rotura
4478,0,,,,,rotura
4480,0,,,,,rotura
4484,0,,,,,rotura
4487,0,,,,,rotura
4490,0,,,,,rotura
4497,0,,,,,rotura
4499,0,,,,,rotura
4501,0,,,,,rotura
4502,0,,,,,rotura
4505,0,,,,,rotura
4508,0,,,,,rotura
4510,0,,,,,rotura
4517,0,,,,,rotura
4521,0,,,,,rotura
4523,0,,,,,rotura
4533,0,,,,,rotura
4537,0,,,,,rotura
4540,0,,,,,rotura
4542,0,,,,,rotura
4544,0,,,,,rotura
4547,0,,,,,rotura
4551,0,,,,,rotura
4558,0,,,,,rotura
4559,0,,,,,rotura
4560,0,,,,,rotura
4561,0,,,,,rotura
4563,0,,,,,rotura
4568,0,,,,,rotura
4574,0,,,,,rotura
4577,0,,,,,rotura
4579,0,,,,,rotura
4581,0,,,,,rotura
4582,0,,,,,rotura
4583,0,,,,,rotura
4584,0,,,,,rotura
4587,0,,,,,rotura
4594,0,,,,,rotura
4597,0,,,,,rotura
4599,0,,,,,rotura
4600,0,,,,,rotura
4604,0,,,,,rotura
4605,0,,,,,rotura
4606,0,,,,,rotura
4710,0,,,,,rotura
4711,0,,,,,rotura
4717,0,,,,,rotura
4718,0,,,,,rotura
4731,0,,,,,rotura
4733,0,,,,,rotura
4738,0,,,,,rotura
4742,0,,,,,rotura
4743,0,,,,,rotura
4745,0,,,,,rotura
4746,0,,,,,rotura
4747,0,,,,,rotura
4756,0,,,,,rotura
4757,0,,,,,rotura
4759,0,,,,,rotura
4761,0,,,,,rotura
4763,0,,,,,rotura
4767,0,,,,,rotura
4770,0,,,,,rotura
4771,0,,,,,rotura
4772,0,,,,,rotura
4773,0,,,,,rotura
4774,0,,,,,rotura
4777,0,,,,,rotura
4778,0,,,,,rotura
4780,0,,,,,rotura
4782,0,,,,,rotura
4783,0,,,,,rotura
4784,0,,,,,rotura
4786,0,,,,,rotura
4787,0,,,,,rotura
4790,0,,,,,rotura
4792,0,,,,,rotura
4794,0,,,,,rotura
4795,0,,,,,rotura
4797,0,,,,,rotura
4798,0,,,,,rotura
4799,0,,,,,rotura
4800,0,,,,,rotura
4801,0,,,,,rotura
4803,0,,,,,rotura
4805,0,,,,,rotura
4806,0,,,,,rotura
4807,0,,,,,rotura
4813,0,,,,,rotura
4815,0,,,,,rotura
4817,0,,,,,rotura
4819,0,,,,,rotura
4820,0,,,,,rotura
4822,0,,,,,rotura
4823,0,,,,,rotura
4825,0,,,,,rotura
4826,0,,,,,rotura
4828,0,,,,,rotura
4830,0,,,,,rotura
4831,0,,,,,rotura
4832,0,,,,,rotura
4834,0,,,,,rotura
4836,0,,,,,rotura
4837,0,,,,,rotura
4838,0,,,,,rotura
4839,0,,,,,rotura
4841,0,,,,,rotura
4842,0,,,,,rotura
4843,0,,,,,rotura
4844,0,,,,,rotura
4849,0,,,,,rotura
4851,0,,,,,rotura
4853,0,,,,,rotura
4856,0,,,,,rotura
4858,0,,,,,rotura
4859,0,,,,,rotura
4860,0,,,,,rotura
4861,0,,,,,rotura
4862,0,,,,,rotura
4863,0,,,,,rotura
4864,0,,,,,rotura
4866,0,,,,,rotura
4867,0,,,,,rotura
4871,0,,,,,rotura
4872,0,,,,,rotura
4874,0,,,,,rotura
4875,0,,,,,rotura
4877,0,,,,,rotura
4882,0,,,,,rotura
4883,0,,,,,rotura
4885,0,,,,,rotura
4887,0,,,,,rotura
4888,0,,,,,rotura
4889,0,,,,,rotura
4891,0,,,,,rotura
4892,0,,,,,rotura
4898,0,,,,,rotura
4901,0,,,,,rotura
4904,0,,,,,rotura
4907,0,,,,,rotura
4912,0,,,,,rotura
4913,0,,,,,rotura
4914,0,,,,,rotura
4915,0,,,,,rotura
4919,0,,,,,rotura
4923,0,,,,,rotura
4924,0,,,,,rotura
4926,0,,,,,rotura
4927,0,,,,,rotura
4936,0,,,,,rotura
4938,0,,,,,rotura
4944,0,,,,,rotura
4945,0,,,,,rotura
4950,0,,,,,rotura
4951,0,,,,,rotura
4955,0,,,,,rotura
4961,0,,,,,rotura
4963,0,,,,,rotura
4964,0,,,,,rotura
4967,0,,,,,rotura
4969,0,,,,,rotura
4971,0,,,,,rotura
4973,0,,,,,rotura
4975,0,,,,,rotura
4977,0,,,,,rotura
4979,0,,,,,rotura
4980,0,,,,,rotura
4986,0,,,,,rotura
4988,0,,,,,rotura
4991,0,,,,,rotura
4992,0,,,,,rotura
4996,0,,,,,rotura
4998,0,,,,,rotura
5002,0,,,,,rotura
5008,0,,,,,rotura
5017,0,,,,,rotura
5019,0,,,,,rotura
5020,0,,,,,rotura
5021,0,,,,,rotura
5026,0,,,,,rotura
5031,0,,,,,rotura
5032,0,,,,,rotura
5036,0,,,,,rotura
5038,0,,,,,rotura
5039,0,,,,,rotura
5046,0,,,,,rotura
5047,0,,,,,rotura
5050,0,,,,,rotura
5051,0,,,,,rotura
5059,0,,,,,rotura
5062,0,,,,,rotura
5067,0,,,,,rotura
5077,0,,,,,rotura
5089,0,,,,,rotura
5091,0,,,,,rotura
5093,0,,,,,rotura
5095,0,,,,,rotura
5097,0,,,,,rotura
5104,0,,,,,rotura
5156,0,,,,,rotura
5159,0,,,,,rotura
5162,0,,,,,rotura
5163,0,,,,,rotura
5166,0,,,,,rotura
5171,0,,,,,rotura
5172,0,,,,,rotura
5177,0,,,,,rotura
5179,0,,,,,rotura
5192,0,,,,,rotura
5196,0,,,,,rotura
5197,0,,,,,rotura
5205,0,,,,,rotura
5207,0,,,,,rotura
5209,0,,,,,rotura
5241,0,,,,,rotura
5242,0,,,,,rotura
5246,0,,,,,rotura
5250,0,,,,,rotura
5251,0,,,,,rotura
5252,0,,,,,rotura
5253,0,,,,,rotura
5259,0,,,,,rotura
5276,0,,,,,rotura
5283,0,,,,,rotura
5284,0,,,,,rotura
5287,0,,,,,rotura
5289,0,,,,,rotura
5291,0,,,,,rotura
5292,0,,,,,rotura
5299,0,,,,,rotura
5305,0,,,,,rotura
5307,0,,,,,rotura
5311,0,,,,,rotura
5314,0,,,,,rotura
5318,0,,,,,rotura
5319,0,,,,,rotura
5321,0,,,,,rotura
5323,0,,,,,rotura
5324,0,,,,,rotura
5328,0,,,,,rotura
5331,0,,,,,rotura
5332,0,,,,,rotura
5334,0,,,,,rotura
5335,0,,,,,rotura
5339,0,,,,,rotura
5343,0,,,,,rotura
5344,0,,,,,rotura
5347,0,,,,,rotura
5348,0,,,,,rotura
5350,0,,,,,rotura
5355,0,,,,,rotura
5365,1,0.0,1.0,19.55,,rotura
5385,0,,,,,rotura
5386,0,,,,,rotura
5387,0,,,,,rotura
5388,0,,,,,rotura
5390,0,,,,,rotura
5394,0,,,,,rotura
5396,0,,,,,rotura
5397,0,,,,,rotura
5398,0,,,,,rotura
5401,0,,,,,rotura
5405,0,,,,,rotura
5406,0,,,,,rotura
5408,0,,,,,rotura
5409,0,,,,,rotura
5410,0,,,,,rotura
5411,0,,,,,rotura
5412,0,,,,,rotura
5413,0,,,,,rotura
5414,0,,,,,rotura
5418,0,,,,,rotura
5419,0,,,,,rotura
5423,0,,,,,rotura
5424,0,,,,,rotura
5425,0,,,,,rotura
5427,0,,,,,rotura
5429,0,,,,,rotura
5431,0,,,,,rotura
5432,0,,,,,rotura
5433,0,,,,,rotura
5434,0,,,,,rotura
5435,0,,,,,rotura
5436,0,,,,,rotura
5440,0,,,,,rotura
5441,0,,,,,rotura
5442,0,,,,,rotura
5443,0,,,,,rotura
5444,0,,,,,rotura
5446,0,,,,,rotura
5449,0,,,,,rotura
5450,0,,,,,rotura
5452,0,,,,,rotura
5454,0,,,,,rotura
5456,0,,,,,rotura
5458,0,,,,,rotura
5459,0,,,,,rotura
5460,0,,,,,rotura
5461,0,,,,,rotura
5462,0,,,,,rotura
5464,0,,,,,rotura
5468,0,,,,,rotura
5472,0,,,,,rotura
5475,0,,,,,rotura
5476,0,,,,,rotura
5477,0,,,,,rotura
5479,0,,,,,rotura
5480,0,,,,,rotura
5482,0,,,,,rotura
5483,0,,,,,rotura
5484,0,,,,,rotura
5490,0,,,,,rotura
5491,0,,,,,rotura
5492,0,,,,,rotura
5494,0,,,,,rotura
5495,0,,,,,rotura
5496,0,,,,,rotura
5499,0,,,,,rotura
5501,0,,,,,rotura
5503,0,,,,,rotura
5514,0,,,,,rotura
5516,0,,,,,rotura
5517,0,,,,,rotura
5518,0,,,,,rotura
5522,0,,,,,rotura
5524,0,,,,,rotura
5525,0,,,,,rotura
5531,0,,,,,rotura
5532,0,,,,,rotura
5535,0,,,,,rotura
5537,0,,,,,rotura
5538,0,,,,,rotura
5539,0,,,,,rotura
5543,0,,,,,rotura
5545,0,,,,,rotura
5546,0,,,,,rotura
5547,0,,,,,rotura
5551,0,,,,,rotura
5552,0,,,,,rotura
5563,0,,,,,rotura
5566,0,,,,,rotura
5575,0,,,,,rotura
5577,0,,,,,rotura
5579,0,,,,,rotura
5595,0,,,,,rotura
5638,0,,,,,rotura
5641,0,,,,,rotura
5644,0,,,,,rotura
5645,0,,,,,rotura
5652,0,,,,,rotura
5655,0,,,,,rotura
5660,0,,,,,rotura
5669,0,,,,,rotura
5670,0,,,,,rotura
5676,0,,,,,rotura
5682,0,,,,,rotura
5683,0,,,,,rotura
5684,0,,,,,rotura
5687,0,,,,,rotura
5690,0,,,,,rotura
5691,0,,,,,rotura
5694,0,,,,,rotura
5704,0,,,,,rotura
5705,0,,,,,rotura
5706,0,,,,,rotura
5716,0,,,,,rotura
5718,0,,,,,rotura
5719,0,,,,,rotura
5721,0,,,,,rotura
5722,0,,,,,rotura
5724,0,,,,,rotura
5725,0,,,,,rotura
5726,0,,,,,rotura
5727,0,,,,,rotura
5728,0,,,,,rotura
5732,0,,,,,rotura
5740,0,,,,,rotura
5741,0,,,,,rotura
5745,0,,,,,rotura
5746,0,,,,,rotura
5757,0,,,,,rotura
5762,0,,,,,rotura
5766,0,,,,,rotura
5773,0,,,,,rotura
5779,0,,,,,rotura
5782,0,,,,,rotura
5783,0,,,,,rotura
5784,0,,,,,rotura
5785,0,,,,,rotura
5786,0,,,,,rotura
5790,0,,,,,rotura
5793,0,,,,,rotura
5795,0,,,,,rotura
5799,0,,,,,rotura
5801,0,,,,,rotura
5807,0,,,,,rotura
5808,0,,,,,rotura
5812,0,,,,,rotura
5815,0,,,,,rotura
5818,0,,,,,rotura
5819,0,,,,,rotura
5820,0,,,,,rotura
5823,0,,,,,rotura
5825,0,,,,,rotura
5830,0,,,,,rotura
5833,0,,,,,rotura
5834,0,,,,,rotura
5836,0,,,,,rotura
5839,0,,,,,rotura
5844,0,,,,,rotura
5845,0,,,,,rotura
5848,0,,,,,rotura
5851,0,,,,,rotura
5856,0,,,,,rotura
5858,0,,,,,rotura
5860,0,,,,,rotura
5861,0,,,,,rotura
5862,0,,,,,rotura
5864,0,,,,,rotura
5865,0,,,,,rotura
5868,0,,,,,rotura
5869,0,,,,,rotura
5870,0,,,,,rotura
5874,0,,,,,rotura
5877,0,,,,,rotura
5878,0,,,,,rotura
5879,0,,,,,rotura
5884,0,,,,,rotura
5885,0,,,,,rotura
5887,0,,,,,rotura
5893,0,,,,,rotura
5897,0,,,,,rotura
5898,0,,,,,rotura
5900,0,,,,,rotura
5901,0,,,,,rotura
5916,0,,,,,rotura
5918,0,,,,,rotura
5920,0,,,,,rotura
5922,0,,,,,rotura
5924,0,,,,,rotura
5925,0,,,,,rotura
5926,0,,,,,rotura
5927,0,,,,,rotura
5928,0,,,,,rotura
5930,0,,,,,rotura
5931,0,,,,,rotura
5934,0,,,,,rotura
5936,0,,,,,rotura
5937,0,,,,,rotura
5938,0,,,,,rotura
5940,0,,,,,rotura
5942,0,,,,,rotura
5943,0,,,,,rotura
5945,0,,,,,rotura
5946,0,,,,,rotura
5948,0,,,,,rotura
5949,0,,,,,rotura
5950,0,,,,,rotura
5951,0,,,,,rotura
5952,0,,,,,rotura
5953,0,,,,,rotura
5954,0,,,,,rotura
5955,0,,,,,rotura
5956,0,,,,,rotura
5957,0,,,,,rotura
5958,0,,,,,rotura
5959,0,,,,,rotura
5960,0,,,,,rotura
5961,0,,,,,rotura
5963,0,,,,,rotura
5969,0,,,,,rotura
5970,0,,,,,rotura
5972,0,,,,,rotura
5974,0,,,,,rotura
5979,0,,,,,rotura
5982,0,,,,,rotura
5986,0,,,,,rotura
5989,0,,,,,rotura
5990,0,,,,,rotura
5991,0,,,,,rotura
6004,0,,,,,rotura
6012,0,,,,,rotura
6013,0,,,,,rotura
6021,0,,,,,rotura
6022,0,,,,,rotura
6024,0,,,,,rotura
6026,0,,,,,rotura
6027,0,,,,,rotura
6030,0,,,,,rotura
6049,0,,,,,rotura
6050,0,,,,,rotura
6053,0,,,,,rotura
6054,0,,,,,rotura
6055,0,,,,,rotura
6056,0,,,,,rotura
6057,0,,,,,rotura
6058,0,,,,,rotura
6059,0,,,,,rotura
6060,0,,,,,rotura
6062,0,,,,,rotura
6065,0,,,,,rotura
6067,0,,,,,rotura
6068,0,,,,,rotura
6070,0,,,,,rotura
6071,0,,,,,rotura
6074,0,,,,,rotura
6078,0,,,,,rotura
6079,0,,,,,rotura
6081,0,,,,,rotura
6082,0,,,,,rotura
6083,0,,,,,rotura
6084,0,,,,,rotura
6087,0,,,,,rotura
6091,0,,,,,rotura
6101,0,,,,,rotura
6103,0,,,,,rotura
6104,0,,,,,rotura
6111,0,,,,,rotura
6113,0,,,,,rotura
6122,0,,,,,rotura
6123,0,,,,,rotura
6125,0,,,,,rotura
6129,0,,,,,rotura
6130,0,,,,,rotura
6131,0,,,,,rotura
6137,0,,,,,rotura
6138,0,,,,,rotura
6139,0,,,,,rotura
6143,0,,,,,rotura
6146,0,,,,,rotura
6148,0,,,,,rotura
6149,0,,,,,rotura
6151,0,,,,,rotura
6153,0,,,,,rotura
6155,0,,,,,rotura
6159,0,,,,,rotura
6165,0,,,,,rotura
6168,0,,,,,rotura
6169,0,,,,,rotura
6170,0,,,,,rotura
6172,0,,,,,rotura
6174,0,,,,,rotura
6175,0,,,,,rotura
6176,0,,,,,rotura
6177,0,,,,,rotura
6178,0,,,,,rotura
6182,0,,,,,rotura
6184,0,,,,,rotura
6189,0,,,,,rotura
6196,0,,,,,rotura
6199,0,,,,,rotura
6200,0,,,,,rotura
6201,0,,,,,rotura
6202,0,,,,,rotura
6203,0,,,,,rotura
6210,0,,,,,rotura
6211,0,,,,,rotura
6212,0,,,,,rotura
6215,0,,,,,rotura
6216,0,,,,,rotura
6217,0,,,,,rotura
6218,0,,,,,rotura
6221,0,,,,,rotura
6222,0,,,,,rotura
6223,0,,,,,rotura
6227,0,,,,,rotura
6228,0,,,,,rotura
6231,0,,,,,rotura
6232,0,,,,,rotura
6233,0,,,,,rotura
6234,0,,,,,rotura
6241,0,,,,,rotura
6243,0,,,,,rotura
6244,0,,,,,rotura
6245,0,,,,,rotura
6246,0,,,,,rotura
6248,0,,,,,rotura
6250,0,,,,,rotura
6255,0,,,,,rotura
6257,0,,,,,rotura
6259,0,,,,,rotura
6260,0,,,,,rotura
6261,0,,,,,rotura
6263,0,,,,,rotura
6264,0,,,,,rotura
6269,0,,,,,rotura
6270,0,,,,,rotura
6274,0,,,,,rotura
6275,0,,,,,rotura
6276,0,,,,,rotura
6277,0,,,,,rotura
6278,0,,,,,rotura
6280,0,,,,,rotura
6281,0,,,,,rotura
6282,0,,,,,rotura
6283,0,,,,,rotura
6284,0,,,,,rotura
6285,0,,,,,rotura
6286,0,,,,,rotura
6292,0,,,,,rotura
6294,0,,,,,rotura
6295,0,,,,,rotura
6297,0,,,,,rotura
6298,0,,,,,rotura
6300,0,,,,,rotura
6301,0,,,,,rotura
6303,0,,,,,rotura
6308,0,,,,,rotura
6314,0,,,,,rotura
6317,0,,,,,rotura
6324,0,,,,,rotura
6330,0,,,,,rotura
6332,0,,,,,rotura
6335,0,,,,,rotura
6340,0,,,,,rotura
6343,0,,,,,rotura
6346,0,,,,,rotura
6347,0,,,,,rotura
6349,0,,,,,rotura
6352,0,,,,,rotura
6353,0,,,,,rotura
6356,0,,,,,rotura
6361,0,,,,,rotura
6362,0,,,,,rotura
6363,0,,,,,rotura
6364,0,,,,,rotura
6365,0,,,,,rotura
6366,0,,,,,rotura
6368,0,,,,,rotura
6370,0,,,,,rotura
6371,0,,,,,rotura
6374,0,,,,,rotura
6375,0,,,,,rotura
6376,0,,,,,rotura
6380,0,,,,,rotura
6381,0,,,,,rotura
6384,0,,,,,rotura
6388,0,,,,,rotura
6389,0,,,,,rotura
6394,0,,,,,rotura
6396,0,,,,,rotura
6397,0,,,,,rotura
6400,0,,,,,rotura
6401,0,,,,,rotura
6402,0,,,,,rotura
6403,0,,,,,rotura
6409,0,,,,,rotura
6410,0,,,,,rotura
6418,0,,,,,rotura
6423,0,,,,,rotura
6426,0,,,,,rotura
6428,0,,,,,rotura
6431,0,,,,,rotura
6434,2,0.0,1.0,31.66,,rotura
6437,0,,,,,rotura
6439,0,,,,,rotura
6441,0,,,,,rotura
6448,0,,,,,rotura
6453,0,,,,,rotura
6455,0,,,,,rotura
6461,0,,,,,rotura
6465,0,,,,,rotura
6467,0,,,,,rotura
6468,0,,,,,rotura
6469,0,,,,,rotura
6470,0,,,,,rotura
6471,0,,,,,rotura
6473,0,,,,,rotura
6476,0,,,,,rotura
6481,0,,,,,rotura
6484,0,,,,,rotura
6485,0,,,,,rotura
6486,0,,,,,rotura
6487,0,,,,,rotura
6488,0,,,,,rotura
6489,0,,,,,rotura
6490,0,,,,,rotura
6491,0,,,,,rotura
6492,0,,,,,rotura
6496,0,,,,,rotura
6499,0,,,,,rotura
6500,0,,,,,rotura
6505,0,,,,,rotura
6506,0,,,,,rotura
6507,0,,,,,rotura
6510,0,,,,,rotura
6515,0,,,,,rotura
6519,0,,,,,rotura
6520,0,,,,,rotura
6521,0,,,,,rotura
6524,0,,,,,rotura
6529,0,,,,,rotura
6534,0,,,,,rotura
6537,0,,,,,rotura
6538,0,,,,,rotura
6542,0,,,,,rotura
6545,0,,,,,rotura
6546,0,,,,,rotura
6547,0,,,,,rotura
6548,0,,,,,rotura
6549,0,,,,,rotura
6550,0,,,,,rotura
6551,0,,,,,rotura
6552,0,,,,,rotura
6554,0,,,,,rotura
6555,0,,,,,rotura
6561,0,,,,,rotura
6563,0,,,,,rotura
6564,0,,,,,rotura
6565,0,,,,,rotura
6568,0,,,,,rotura
6571,0,,,,,rotura
6572,0,,,,,rotura
6574,0,,,,,rotura
6575,0,,,,,rotura
6582,0,,,,,rotura
6584,0,,,,,rotura
6588,0,,,,,rotura
6590,0,,,,,rotura
6594,0,,,,,rotura
6595,0,,,,,rotura
6597,0,,,,,rotura
6599,0,,,,,rotura
6602,0,,,,,rotura
6610,0,,,,,rotura
6613,0,,,,,rotura
6615,0,,,,,rotura
6617,0,,,,,rotura
6619,0,,,,,rotura
6620,0,,,,,rotura
6621,0,,,,,rotura
6625,0,,,,,rotura
6626,0,,,,,rotura
6627,0,,,,,rotura
6628,0,,,,,rotura
6629,0,,,,,rotura
6630,0,,,,,rotura
6631,0,,,,,rotura
6634,0,,,,,rotura
6637,0,,,,,rotura
6638,0,,,,,rotura
6656,0,,,,,rotura
6661,0,,,,,rotura
6662,0,,,,,rotura
6672,0,,,,,rotura
6674,0,,,,,rotura
6675,0,,,,,rotura
6678,0,,,,,rotura
6682,0,,,,,rotura
6683,0,,,,,rotura
6684,0,,,,,rotura
6685,0,,,,,rotura
6688,0,,,,,rotura
6690,0,,,,,rotura
6699,0,,,,,rotura
6700,0,,,,,rotura
6702,0,,,,,rotura
6703,0,,,,,rotura
6704,0,,,,,rotura
6709,0,,,,,rotura
6711,0,,,,,rotura
6714,0,,,,,rotura
6717,0,,,,,rotura
6722,0,,,,,rotura
6724,0,,,,,rotura
6728,0,,,,,rotura
6731,0,,,,,rotura
6740,0,,,,,rotura
6747,0,,,,,rotura
6753,0,,,,,rotura
6754,0,,,,,rotura
6757,0,,,,,rotura
6758,0,,,,,rotura
6764,0,,,,,rotura
6765,0,,,,,rotura
6770,0,,,,,rotura
6772,0,,,,,rotura
6773,0,,,,,rotura
6774,0,,,,,rotura
6775,0,,,,,rotura
6776,0,,,,,rotura
6777,0,,,,,rotura
6778,0,,,,,rotura
6780,0,,,,,rotura
6782,0,,,,,rotura
6786,0,,,,,rotura
6788,0,,,,,rotura
6789,0,,,,,rotura
6791,0,,,,,rotura
6792,0,,,,,rotura
6793,0,,,,,rotura
6795,0,,,,,rotura
6797,0,,,,,rotura
6798,0,,,,,rotura
6800,0,,,,,rotura
6801,0,,,,,rotura
6802,0,,,,,rotura
6803,0,,,,,rotura
6806,0,,,,,rotura
6807,0,,,,,rotura
6808,0,,,,,rotura
6810,0,,,,,rotura
6811,0,,,,,rotura
6812,0,,,,,rotura
6813,0,,,,,rotura
6814,0,,,,,rotura
6816,0,,,,,rotura
6820,0,,,,,rotura
6823,0,,,,,rotura
6824,0,,,,,rotura
6825,0,,,,,rotura
6826,0,,,,,rotura
6828,0,,,,,rotura
6829,0,,,,,rotura
6832,0,,,,,rotura
6833,0,,,,,rotura
6836,0,,,,,rotura
6837,0,,,,,rotura
6838,0,,,,,rotura
6839,0,,,,,rotura
6840,0,,,,,rotura
6841,0,,,,,rotura
6842,0,,,,,rotura
6843,0,,,,,rotura
6844,0,,,,,rotura
6845,0,,,,,rotura
6847,0,,,,,rotura
6848,0,,,,,rotura
6849,0,,,,,rotura
6850,0,,,,,rotura
6851,0,,,,,rotura
6852,0,,,,,rotura
6853,0,,,,,rotura
6857,0,,,,,rotura
6865,0,,,,,rotura
6866,0,,,,,rotura
6867,0,,,,,rotura
6875,0,,,,,rotura
6876,0,,,,,rotura
6881,0,,,,,rotura
6882,0,,,,,rotura
6888,0,,,,,rotura
6892,0,,,,,rotura
6897,0,,,,,rotura
6898,0,,,,,rotura
6901,0,,,,,rotura
6902,0,,,,,rotura
6904,0,,,,,rotura
6906,0,,,,,rotura
6908,0,,,,,rotura
6909,0,,,,,rotura
6910,0,,,,,rotura
6912,0,,,,,rotura
6913,0,,,,,rotura
6916,0,,,,,rotura
6917,0,,,,,rotura
6918,0,,,,,rotura
6919,0,,,,,rotura
6922,0,,,,,rotura
6925,0,,,,,rotura
6930,0,,,,,rotura
6931,0,,,,,rotura
6932,0,,,,,rotura
6933,0,,,,,rotura
6935,0,,,,,rotura
6937,0,,,,,rotura
6938,0,,,,,rotura
6939,0,,,,,rotura
6940,0,,,,,rotura
6947,0,,,,,rotura
6948,0,,,,,rotura
6949,0,,,,,rotura
6950,0,,,,,rotura
6951,0,,,,,rotura
6952,0,,,,,rotura
6953,0,,,,,rotura
6958,0,,,,,rotura
6959,0,,,,,rotura
6961,0,,,,,rotura
6963,0,,,,,rotura
6966,0,,,,,rotura
6967,0,,,,,rotura
6975,0,,,,,rotura
6977,0,,,,,rotura
6981,0,,,,,rotura
6985,0,,,,,rotura
6986,0,,,,,rotura
6989,0,,,,,rotura
6991,0,,,,,rotura
6999,0,,,,,rotura
7000,0,,,,,rotura
7003,0,,,,,rotura
7005,0,,,,,rotura
7006,0,,,,,rotura
7007,0,,,,,rotura
7013,0,,,,,rotura
7014,0,,,,,rotura
7015,0,,,,,rotura
7016,0,,,,,rotura
7018,0,,,,,rotura
7020,0,,,,,rotura
7022,0,,,,,rotura
7024,0,,,,,rotura
7025,0,,,,,rotura
7026,0,,,,,rotura
7028,0,,,,,rotura
7032,0,,,,,rotura
7042,0,,,,,rotura
7044,0,,,,,rotura
7046,0,,,,,rotura
7047,0,,,,,rotura
7048,0,,,,,rotura
7049,0,,,,,rotura
7050,0,,,,,rotura
7052,0,,,,,rotura
7053,0,,,,,rotura
7054,0,,,,,rotura
7055,0,,,,,rotura
7058,0,,,,,rotura
7059,0,,,,,rotura
7060,0,,,,,rotura
7063,0,,,,,rotura
7065,0,,,,,rotura
7069,0,,,,,rotura
7070,0,,,,,rotura
7072,0,,,,,rotura
7073,0,,,,,rotura
7074,0,,,,,rotura
7076,0,,,,,rotura
7078,0,,,,,rotura
7080,0,,,,,rotura
7081,0,,,,,rotura
7083,0,,,,,rotura
7088,0,,,,,rotura
7090,0,,,,,rotura
7094,0,,,,,rotura
7099,0,,,,,rotura
7101,0,,,,,rotura
7102,0,,,,,rotura
7103,0,,,,,rotura
7104,0,,,,,rotura
7106,0,,,,,rotura
7107,0,,,,,rotura
7108,0,,,,,rotura
7112,0,,,,,rotura
7113,0,,,,,rotura
7117,0,,,,,rotura
7121,0,,,,,rotura
7123,0,,,,,rotura
7124,0,,,,,rotura
7128,0,,,,,rotura
7130,0,,,,,rotura
7131,0,,,,,rotura
7132,0,,,,,rotura
7133,0,,,,,rotura
7134,0,,,,,rotura
7135,0,,,,,rotura
7136,0,,,,,rotura
7137,0,,,,,rotura
7139,0,,,,,rotura
7140,0,,,,,rotura
7142,0,,,,,rotura
7144,0,,,,,rotura
7145,0,,,,,rotura
7146,0,,,,,rotura
7147,0,,,,,rotura
7149,0,,,,,rotura
7150,0,,,,,rotura
7151,0,,,,,rotura
7152,0,,,,,rotura
7170,0,,,,,rotura
7171,0,,,,,rotura
7172,0,,,,,rotura
7173,0,,,,,rotura
7174,0,,,,,rotura
7175,0,,,,,rotura
7177,0,,,,,rotura
7179,0,,,,,rotura
7181,0,,,,,rotura
7183,0,,,,,rotura
7187,0,,,,,rotura
7188,0,,,,,rotura
7189,0,,,,,rotura
7190,0,,,,,rotura
7194,0,,,,,rotura
7195,0,,,,,rotura
7196,0,,,,,rotura
7198,0,,,,,rotura
7204,0,,,,,rotura
7207,0,,,,,rotura
7208,0,,,,,rotura
7211,0,,,,,rotura
7212,0,,,,,rotura
7213,0,,,,,rotura
7214,0,,,,,rotura
7216,0,,,,,rotura
7220,0,,,,,rotura
7221,0,,,,,rotura
7222,0,,,,,rotura
7223,0,,,,,rotura
7224,0,,,,,rotura
7225,0,,,,,rotura
7229,0,,,,,rotura
7232,0,,,,,rotura
7235,0,,,,,rotura
7236,0,,,,,rotura
7237,0,,,,,rotura
7240,0,,,,,rotura
7245,0,,,,,rotura
7247,0,,,,,rotura
7251,0,,,,,rotura
7255,0,,,,,rotura
7257,0,,,,,rotura
7258,0,,,,,rotura
7259,0,,,,,rotura
7261,0,,,,,rotura
7263,0,,,,,rotura
7264,0,,,,,rotura
7265,0,,,,,rotura
7266,0,,,,,rotura
7270,0,,,,,rotura
7278,0,,,,,rotura
7279,0,,,,,rotura
7280,0,,,,,rotura
7281,0,,,,,rotura
7282,0,,,,,rotura
7283,0,,,,,rotura
7284,0,,,,,rotura
7285,0,,,,,rotura
7286,0,,,,,rotura
7288,0,,,,,rotura
7292,0,,,,,rotura
7294,0,,,,,rotura
7295,0,,,,,rotura
7296,0,,,,,rotura
7297,0,,,,,rotura
7298,0,,,,,rotura
7306,0,,,,,rotura
7307,0,,,,,rotura
7308,0,,,,,rotura
7309,0,,,,,rotura
7310,0,,,,,rotura
7311,0,,,,,rotura
7312,0,,,,,rotura
7313,0,,,,,rotura
7314,0,,,,,rotura
7315,0,,,,,rotura
7318,0,,,,,rotura
7319,0,,,,,rotura
7323,0,,,,,rotura
7324,0,,,,,rotura
7326,0,,,,,rotura
7327,0,,,,,rotura
7329,0,,,,,rotura
7331,0,,,,,rotura
7332,0,,,,,rotura
7333,0,,,,,rotura
7334,0,,,,,rotura
7335,0,,,,,rotura
7336,0,,,,,rotura
7337,0,,,,,rotura
7345,0,,,,,rotura
7347,0,,,,,rotura
7348,0,,,,,rotura
7349,0,,,,,rotura
7353,0,,,,,rotura
7354,0,,,,,rotura
7362,0,,,,,rotura
7363,0,,,,,rotura
7364,0,,,,,rotura
7365,0,,,,,rotura
7366,0,,,,,rotura
7368,0,,,,,rotura
7369,0,,,,,rotura
7370,0,,,,,rotura
7371,0,,,,,rotura
7378,0,,,,,rotura
7379,0,,,,,rotura
7380,0,,,,,rotura
7381,0,,,,,rotura
7382,0,,,,,rotura
7383,0,,,,,rotura
7384,0,,,,,rotura
7385,0,,,,,rotura
7386,0,,,,,rotura
7388,0,,,,,rotura
7391,0,,,,,rotura
7392,0,,,,,rotura
7393,0,,,,,rotura
7394,0,,,,,rotura
7398,0,,,,,rotura
7400,0,,,,,rotura
7402,0,,,,,rotura
7407,0,,,,,rotura
7411,0,,,,,rotura
7416,0,,,,,rotura
7423,0,,,,,rotura
7424,0,,,,,rotura
7425,0,,,,,rotura
7426,0,,,,,rotura
7428,0,,,,,rotura
7429,0,,,,,rotura
7430,0,,,,,rotura
7431,0,,,,,rotura
7433,0,,,,,rotura
7434,0,,,,,rotura
7435,0,,,,,rotura
7436,0,,,,,rotura
7440,0,,,,,rotura
7442,0,,,,,rotura
7443,0,,,,,rotura
7445,0,,,,,rotura
7446,0,,,,,rotura
7448,0,,,,,rotura
7451,0,,,,,rotura
7452,0,,,,,rotura
7461,0,,,,,rotura
7462,0,,,,,rotura
7463,0,,,,,rotura
7464,0,,,,,rotura
7465,0,,,,,rotura
7467,0,,,,,rotura
7469,0,,,,,rotura
7470,0,,,,,rotura
7471,0,,,,,rotura
7472,0,,,,,rotura
7473,0,,,,,rotura
7474,0,,,,,rotura
7475,0,,,,,rotura
7476,0,,,,,rotura
7477,0,,,,,rotura
7479,0,,,,,rotura
7481,0,,,,,rotura
7482,0,,,,,rotura
7483,0,,,,,rotura
7486,0,,,,,rotura
7490,0,,,,,rotura
7491,0,,,,,rotura
7492,0,,,,,rotura
7493,0,,,,,rotura
7494,0,,,,,rotura
7495,0,,,,,rotura
7496,0,,,,,rotura
7499,0,,,,,rotura
7505,0,,,,,rotura
7509,0,,,,,rotura
7510,0,,,,,rotura
7516,0,,,,,rotura
7517,0,,,,,rotura
7521,0,,,,,rotura
7523,0,,,,,rotura
7526,0,,,,,rotura
7529,0,,,,,rotura
7532,0,,,,,rotura
7538,0,,,,,rotura
7539,0,,,,,rotura
7540,0,,,,,rotura
7542,0,,,,,rotura
7545,0,,,,,rotura
7546,0,,,,,rotura
7550,0,,,,,rotura
7554,0,,,,,rotura
7555,0,,,,,rotura
7556,0,,,,,rotura
7557,0,,,,,rotura
7558,0,,,,,rotura
7559,0,,,,,rotura
7561,0,,,,,rotura
7568,0,,,,,rotura
7569,0,,,,,rotura
7570,0,,,,,rotura
7571,0,,,,,rotura
7573,0,,,,,rotura
7577,0,,,,,rotura
7579,0,,,,,rotura
7582,0,,,,,rotura
7583,0,,,,,rotura
7584,0,,,,,rotura
7587,0,,,,,rotura
7588,0,,,,,rotura
7589,0,,,,,rotura
7592,0,,,,,rotura
7594,0,,,,,rotura
7595,0,,,,,rotura
7597,0,,,,,rotura
7601,0,,,,,rotura
7602,0,,,,,rotura
7603,0,,,,,rotura
7604,0,,,,,rotura
7608,0,,,,,rotura
7609,0,,,,,rotura
7610,0,,,,,rotura
7613,0,,,,,rotura
7615,0,,,,,rotura
7616,0,,,,,rotura
7621,0,,,,,rotura
7624,0,,,,,rotura
7625,0,,,,,rotura
7627,0,,,,,rotura
7629,0,,,,,rotura
7631,0,,,,,rotura
7636,0,,,,,rotura
7637,0,,,,,rotura
7638,0,,,,,rotura
7641,0,,,,,rotura
7642,0,,,,,rotura
7643,0,,,,,rotura
7644,0,,,,,rotura
7647,0,,,,,rotura
7648,0,,,,,rotura
7651,0,,,,,rotura
7655,0,,,,,rotura
7656,0,,,,,rotura
7658,0,,,,,rotura
7659,0,,,,,rotura
7660,0,,,,,rotura
7664,0,,,,,rotura
7666,0,,,,,rotura
7667,0,,,,,rotura
7668,0,,,,,rotura
7674,0,,,,,rotura
7675,0,,,,,rotura
7676,0,,,,,rotura
7679,0,,,,,rotura
7681,0,,,,,rotura
7682,0,,,,,rotura
7683,0,,,,,rotura
7685,0,,,,,rotura
7686,0,,,,,rotura
7692,0,,,,,rotura
7693,0,,,,,rotura
7694,0,,,,,rotura
7695,0,,,,,rotura
7698,0,,,,,rotura
7699,0,,,,,rotura
7703,0,,,,,rotura
7704,0,,,,,rotura
7705,0,,,,,rotura
7706,0,,,,,rotura
7707,0,,,,,rotura
7710,0,,,,,rotura
7711,0,,,,,rotura
7715,0,,,,,rotura
7716,0,,,,,rotura
7718,0,,,,,rotura
7722,0,,,,,rotura
7723,0,,,,,rotura
7724,0,,,,,rotura
7727,0,,,,,rotura
7729,0,,,,,rotura
7730,0,,,,,rotura
7733,0,,,,,rotura
7736,0,,,,,rotura
7741,0,,,,,rotura
7742,0,,,,,rotura
7743,0,,,,,rotura
7744,0,,,,,rotura
7749,0,,,,,rotura
7760,0,,,,,rotura
7761,0,,,,,rotura
7762,0,,,,,rotura
7763,0,,,,,rotura
7765,0,,,,,rotura
7767,0,,,,,rotura
7769,0,,,,,rotura
7770,0,,,,,rotura
7771,0,,,,,rotura
7773,0,,,,,rotura
7774,0,,,,,rotura
7777,0,,,,,rotura
7778,0,,,,,rotura
7783,0,,,,,rotura
7788,0,,,,,rotura
7793,0,,,,,rotura
7794,0,,,,,rotura
7797,0,,,,,rotura
7800,0,,,,,rotura
7801,0,,,,,rotura
7803,0,,,,,rotura
7806,0,,,,,rotura
7808,0,,,,,rotura
7809,0,,,,,rotura
7810,0,,,,,rotura
7811,0,,,,,rotura
7812,0,,,,,rotura
7813,0,,,,,rotura
7817,0,,,,,rotura
7818,0,,,,,rotura
7829,0,,,,,rotura
7830,0,,,,,rotura
7831,0,,,,,rotura
7832,0,,,,,rotura
7833,0,,,,,rotura
7834,0,,,,,rotura
7837,0,,,,,rotura
7839,0,,,,,rotura
7840,0,,,,,rotura
7841,0,,,,,rotura
7842,0,,,,,rotura
7845,0,,,,,rotura
7848,0,,,,,rotura
7855,0,,,,,rotura
7856,0,,,,,rotura
7857,0,,,,,rotura
7860,0,,,,,rotura
7861,0,,,,,rotura
7862,0,,,,,rotura
7864,0,,,,,rotura
7866,0,,,,,rotura
7869,0,,,,,rotura
7870,0,,,,,rotura
7871,0,,,,,rotura
7872,0,,,,,rotura
7873,0,,,,,rotura
7874,0,,,,,rotura
7875,0,,,,,rotura
7876,0,,,,,rotura
7877,0,,,,,rotura
7879,0,,,,,rotura
7880,0,,,,,rotura
7882,0,,,,,rotura
7883,0,,,,,rotura
7884,0,,,,,rotura
7885,0,,,,,rotura
7886,0,,,,,rotura
7887,0,,,,,rotura
7888,0,,,,,rotura
7889,0,,,,,rotura
7893,0,,,,,rotura
7894,0,,,,,rotura
7896,0,,,,,rotura
7897,0,,,,,rotura
7898,0,,,,,rotura
7901,0,,,,,rotura
7910,0,,,,,rotura
7916,0,,,,,rotura
7917,0,,,,,rotura
7932,0,,,,,rotura
7940,0,,,,,rotura
7941,0,,,,,rotura
7946,0,,,,,rotura
7947,0,,,,,rotura
7948,0,,,,,rotura
7949,0,,,,,rotura
7951,0,,,,,rotura
7952,0,,,,,rotura
7955,0,,,,,rotura
7956,0,,,,,rotura
7962,0,,,,,rotura
7966,0,,,,,rotura
7967,0,,,,,rotura
7969,0,,,,,rotura
7973,0,,,,,rotura
8106,0,,,,,rotura
8114,0,,,,,rotura
8117,0,,,,,rotura
8120,0,,,,,rotura
8121,0,,,,,rotura
8127,0,,,,,rotura
8130,0,,,,,rotura
8136,0,,,,,rotura
8137,0,,,,,rotura
8138,0,,,,,rotura
8140,0,,,,,rotura
8142,0,,,,,rotura
8143,0,,,,,rotura
8145,0,,,,,rotura
8146,0,,,,,rotura
8147,0,,,,,rotura
8149,0,,,,,rotura
8151,0,,,,,rotura
8154,0,,,,,rotura
8155,0,,,,,rotura
8156,0,,,,,rotura
8157,0,,,,,rotura
8158,0,,,,,rotura
8159,0,,,,,rotura
8160,0,,,,,rotura
8161,0,,,,,rotura
8162,0,,,,,rotura
8163,0,,,,,rotura
8164,0,,,,,rotura
8167,0,,,,,rotura
8169,0,,,,,rotura
8173,0,,,,,rotura
8174,0,,,,,rotura
8175,0,,,,,rotura
8178,0,,,,,rotura
8179,0,,,,,rotura
8180,0,,,,,rotura
8181,0,,,,,rotura
8182,0,,,,,rotura
8183,0,,,,,rotura
8185,0,,,,,rotura
8187,0,,,,,rotura
8188,0,,,,,rotura
8189,0,,,,,rotura
8191,0,,,,,rotura
8192,0,,,,,rotura
8194,0,,,,,rotura
8197,0,,,,,rotura
8198,0,,,,,rotura
8199,0,,,,,rotura
8200,0,,,,,rotura
8202,0,,,,,rotura
8205,0,,,,,rotura
8213,0,,,,,rotura
8214,0,,,,,rotura
8215,0,,,,,rotura
8216,0,,,,,rotura
8218,0,,,,,rotura
8219,0,,,,,rotura
8222,0,,,,,rotura
8224,0,,,,,rotura
8225,0,,,,,rotura
8228,0,,,,,rotura
8229,0,,,,,rotura
8232,0,,,,,rotura
8233,0,,,,,rotura
8235,0,,,,,rotura
8236,0,,,,,rotura
8237,0,,,,,rotura
8238,0,,,,,rotura
8240,0,,,,,rotura
8245,0,,,,,rotura
8246,0,,,,,rotura
8248,0,,,,,rotura
8251,0,,,,,rotura
8263,0,,,,,rotura
8264,0,,,,,rotura
8269,0,,,,,rotura
8270,0,,,,,rotura
8272,0,,,,,rotura
8275,0,,,,,rotura
8276,0,,,,,rotura
8278,0,,,,,rotura
8280,0,,,,,rotura
8281,0,,,,,rotura
8286,0,,,,,rotura
8287,0,,,,,rotura
8295,0,,,,,rotura
8297,0,,,,,rotura
8300,0,,,,,rotura
8303,0,,,,,rotura
8305,0,,,,,rotura
8307,0,,,,,rotura
8323,0,,,,,rotura
8326,0,,,,,rotura
8334,0,,,,,rotura
8341,0,,,,,rotura
8342,0,,,,,rotura
8347,0,,,,,rotura
8348,0,,,,,rotura
8349,0,,,,,rotura
8352,0,,,,,rotura
8361,0,,,,,rotura
8363,0,,,,,rotura
8364,0,,,,,rotura
8366,0,,,,,rotura
8370,0,,,,,rotura
8371,0,,,,,rotura
8379,0,,,,,rotura
8382,0,,,,,rotura
8391,0,,,,,rotura
8393,0,,,,,rotura
8394,0,,,,,rotura
8402,0,,,,,rotura
8404,0,,,,,rotura
8410,0,,,,,rotura
8413,0,,,,,rotura
8414,0,,,,,rotura
8417,0,,,,,rotura
8418,0,,,,,rotura
8422,0,,,,,rotura
8429,0,,,,,rotura
8437,0,,,,,rotura
8439,0,,,,,rotura
8440,0,,,,,rotura
8447,0,,,,,rotura
8449,0,,,,,rotura
8458,0,,,,,rotura
8460,0,,,,,rotura
8462,0,,,,,rotura
8463,0,,,,,rotura
8466,0,,,,,rotura
8469,0,,,,,rotura
8470,0,,,,,rotura
8471,0,,,,,rotura
8472,0,,,,,rotura
8474,0,,,,,rotura
8475,0,,,,,rotura
8476,0,,,,,rotura
8480,0,,,,,rotura
8485,0,,,,,rotura
8488,0,,,,,rotura
8494,0,,,,,rotura
8496,0,,,,,rotura
8497,0,,,,,rotura
8500,0,,,,,rotura
8506,0,,,,,rotura
8507,0,,,,,rotura
8516,0,,,,,rotura
8543,0,,,,,rotura
8549,0,,,,,rotura
8552,0,,,,,rotura
8554,0,,,,,rotura
8556,0,,,,,rotura
8557,0,,,,,rotura
8558,0,,,,,rotura
8568,0,,,,,rotura
8570,0,,,,,rotura
8574,0,,,,,rotura
8577,0,,,,,rotura
8584,0,,,,,rotura
8589,0,,,,,rotura
8596,0,,,,,rotura
8603,0,,,,,rotura
8604,0,,,,,rotura
8606,0,,,,,rotura
8611,0,,,,,rotura
8616,0,,,,,rotura
8618,0,,,,,rotura
8620,0,,,,,rotura
8636,0,,,,,rotura
8642,0,,,,,rotura
8645,0,,,,,rotura
8696,0,,,,,rotura
8697,0,,,,,rotura
8698,0,,,,,rotura
8699,0,,,,,rotura
8704,0,,,,,rotura
8705,0,,,,,rotura
8707,0,,,,,rotura
8708,0,,,,,rotura
8709,0,,,,,rotura
8710,0,,,,,rotura
8712,0,,,,,rotura
8715,0,,,,,rotura
8716,0,,,,,rotura
8718,0,,,,,rotura
8722,0,,,,,rotura
8723,0,,,,,rotura
8727,0,,,,,rotura
8728,0,,,,,rotura
8730,0,,,,,rotura
8731,0,,,,,rotura
8802,0,,,,,rotura
8803,0,,,,,rotura
8804,0,,,,,rotura
8805,0,,,,,rotura
8806,0,,,,,rotura
8807,0,,,,,rotura
8810,0,,,,,rotura
8811,0,,,,,rotura
8815,0,,,,,rotura
8817,0,,,,,rotura
8819,0,,,,,rotura
8820,0,,,,,rotura
8829,0,,,,,rotura
8834,0,,,,,rotura
8835,0,,,,,rotura
8836,0,,,,,rotura
8837,0,,,,,rotura
8841,0,,,,,rotura
8843,0,,,,,rotura
8844,0,,,,,rotura
8845,0,,,,,rotura
8846,0,,,,,rotura
8848,0,,,,,rotura
8849,0,,,,,rotura
8850,0,,,,,rotura
8852,0,,,,,rotura
8854,0,,,,,rotura
8855,0,,,,,rotura
8856,0,,,,,rotura
8857,0,,,,,rotura
8858,0,,,,,rotura
8859,0,,,,,rotura
8860,0,,,,,rotura
8864,0,,,,,rotura
8867,0,,,,,rotura
8868,0,,,,,rotura
8869,0,,,,,rotura
8872,0,,,,,rotura
8873,0,,,,,rotura
8874,0,,,,,rotura
8876,0,,,,,rotura
8878,0,,,,,rotura
8882,0,,,,,rotura
8883,0,,,,,rotura
8884,0,,,,,rotura
8887,0,,,,,rotura
8888,0,,,,,rotura
8897,0,,,,,rotura
8900,0,,,,,rotura
8903,0,,,,,rotura
8904,0,,,,,rotura
8905,0,,,,,rotura
8906,0,,,,,rotura
8908,0,,,,,rotura
8909,0,,,,,rotura
8919,0,,,,,rotura
8922,0,,,,,rotura
8933,0,,,,,rotura
8934,0,,,,,rotura
8935,0,,,,,rotura
8937,0,,,,,rotura
8940,0,,,,,rotura
8943,0,,,,,rotura
8944,0,,,,,rotura
8946,0,,,,,rotura
8947,0,,,,,rotura
8950,0,,,,,rotura
8954,0,,,,,rotura
8955,0,,,,,rotura
8956,0,,,,,rotura
8960,0,,,,,rotura
8961,0,,,,,rotura
8962,0,,,,,rotura
8968,0,,,,,rotura
8969,0,,,,,rotura
8972,0,,,,,rotura
8973,0,,,,,rotura
8977,0,,,,,rotura
8979,0,,,,,rotura
8980,0,,,,,rotura
8981,0,,,,,rotura
8983,0,,,,,rotura
8985,0,,,,,rotura
8986,0,,,,,rotura
8987,0,,,,,rotura
8988,0,,,,,rotura
8989,0,,,,,rotura
8990,0,,,,,rotura
8996,0,,,,,rotura
8997,0,,,,,rotura
8998,0,,,,,rotura
9002,0,,,,,rotura
9003,0,,,,,rotura
9004,0,,,,,rotura
9006,0,,,,,rotura
9007,0,,,,,rotura
9010,0,,,,,rotura
9011,0,,,,,rotura
9012,0,,,,,rotura
9015,0,,,,,rotura
9016,0,,,,,rotura
9021,0,,,,,rotura
9022,0,,,,,rotura
9024,0,,,,,rotura
9032,0,,,,,rotura
9034,0,,,,,rotura
9036,0,,,,,rotura
9040,0,,,,,rotura
9044,0,,,,,rotura
9048,0,,,,,rotura
9061,0,,,,,rotura
9065,0,,,,,rotura
9068,0,,,,,rotura
9072,0,,,,,rotura
9075,0,,,,,rotura
9077,0,,,,,rotura
9082,0,,,,,rotura
9097,0,,,,,rotura
9098,0,,,,,rotura
9099,0,,,,,rotura
9101,0,,,,,rotura
9102,0,,,,,rotura
9103,0,,,,,rotura
9104,0,,,,,rotura
9105,0,,,,,rotura
9106,0,,,,,rotura
9108,0,,,,,rotura
9109,0,,,,,rotura
9110,0,,,,,rotura
9112,0,,,,,rotura
9113,0,,,,,rotura
9114,0,,,,,rotura
9115,0,,,,,rotura
9117,0,,,,,rotura
9118,0,,,,,rotura
9120,0,,,,,rotura
9121,0,,,,,rotura
9123,0,,,,,rotura
9125,0,,,,,rotura
9126,0,,,,,rotura
9127,0,,,,,rotura
9128,0,,,,,rotura
9129,0,,,,,rotura
9130,0,,,,,rotura
9132,0,,,,,rotura
9133,0,,,,,rotura
9134,0,,,,,rotura
9135,0,,,,,rotura
9137,0,,,,,rotura
9138,0,,,,,rotura
9139,0,,,,,rotura
9140,0,,,,,rotura
9141,0,,,,,rotura
9142,0,,,,,rotura
9143,0,,,,,rotura
9144,0,,,,,rotura
9145,0,,,,,rotura
9146,0,,,,,rotura
9147,0,,,,,rotura
9148,0,,,,,rotura
9150,0,,,,,rotura
9151,0,,,,,rotura
9155,0,,,,,rotura
9157,0,,,,,rotura
9158,0,,,,,rotura
9159,0,,,,,rotura
9160,0,,,,,rotura
9161,0,,,,,rotura
9163,0,,,,,rotura
9164,0,,,,,rotura
9165,0,,,,,rotura
9166,0,,,,,rotura
9167,0,,,,,rotura
9168,0,,,,,rotura
9169,0,,,,,rotura
9170,0,,,,,rotura
9172,0,,,,,rotura
9174,0,,,,,rotura
9180,0,,,,,rotura
9181,0,,,,,rotura
9183,0,,,,,rotura
9185,0,,,,,rotura
9187,0,,,,,rotura
9190,0,,,,,rotura
9192,0,,,,,rotura
9194,0,,,,,rotura
9197,0,,,,,rotura
9199,0,,,,,rotura
9201,0,,,,,rotura
9202,0,,,,,rotura
9203,0,,,,,rotura
9204,0,,,,,rotura
9205,0,,,,,rotura
9206,0,,,,,rotura
9207,0,,,,,rotura
9208,0,,,,,rotura
9209,0,,,,,rotura
9210,0,,,,,rotura
9211,0,,,,,rotura
9214,0,,,,,rotura
9215,0,,,,,rotura
9222,0,,,,,rotura
9229,0,,,,,rotura
9230,0,,,,,rotura
9231,0,,,,,rotura
9232,0,,,,,rotura
9235,0,,,,,rotura
9240,0,,,,,rotura
9242,0,,,,,rotura
9243,0,,,,,rotura
9249,0,,,,,rotura
9250,0,,,,,rotura
9252,0,,,,,rotura
9253,0,,,,,rotura
9254,0,,,,,rotura
9255,0,,,,,rotura
9259,0,,,,,rotura
9263,0,,,,,rotura
9265,0,,,,,rotura
9268,0,,,,,rotura
9269,0,,,,,rotura
9279,0,,,,,rotura
9280,0,,,,,rotura
9281,0,,,,,rotura
9282,0,,,,,rotura
9289,0,,,,,rotura
9293,0,,,,,rotura
9294,0,,,,,rotura
9302,0,,,,,rotura
9304,0,,,,,rotura
9305,0,,,,,rotura
9335,0,,,,,rotura
9336,0,,,,,rotura
9337,0,,,,,rotura
9340,0,,,,,rotura
9341,0,,,,,rotura
9345,0,,,,,rotura
9349,0,,,,,rotura
9350,0,,,,,rotura
9353,0,,,,,rotura
9357,0,,,,,rotura
9359,0,,,,,rotura
9360,0,,,,,rotura
9364,0,,,,,rotura
9366,0,,,,,rotura
9368,0,,,,,rotura
9371,0,,,,,rotura
9374,0,,,,,rotura
9377,0,,,,,rotura
9379,0,,,,,rotura
9381,0,,,,,rotura
9387,0,,,,,rotura
9389,0,,,,,rotura
9395,0,,,,,rotura
9396,0,,,,,rotura
9397,0,,,,,rotura
9407,0,,,,,rotura
9410,0,,,,,rotura
9411,0,,,,,rotura
9412,0,,,,,rotura
9413,0,,,,,rotura
9414,0,,,,,rotura
9415,0,,,,,rotura
9416,0,,,,,rotura
9417,0,,,,,rotura
9420,0,,,,,rotura
9423,0,,,,,rotura
9425,0,,,,,rotura
9426,0,,,,,rotura
9439,0,,,,,rotura
9441,0,,,,,rotura
9446,0,,,,,rotura
9447,0,,,,,rotura
9448,0,,,,,rotura
9449,0,,,,,rotura
9450,0,,,,,rotura
9451,0,,,,,rotura
9452,0,,,,,rotura
9453,0,,,,,rotura
9456,0,,,,,rotura
9460,0,,,,,rotura
9462,0,,,,,rotura
9464,0,,,,,rotura
9467,0,,,,,rotura
9471,0,,,,,rotura
9476,0,,,,,rotura
9477,0,,,,,rotura
9482,0,,,,,rotura
9486,0,,,,,rotura
9490,0,,,,,rotura
9493,0,,,,,rotura
9494,0,,,,,rotura
9496,0,,,,,rotura
9497,0,,,,,rotura
9501,0,,,,,rotura
9503,0,,,,,rotura
9504,0,,,,,rotura
9514,0,,,,,rotura
9515,0,,,,,rotura
9516,0,,,,,rotura
9518,0,,,,,rotura
9520,0,,,,,rotura
9522,0,,,,,rotura
9523,0,,,,,rotura
9525,0,,,,,rotura
9526,0,,,,,rotura
9527,0,,,,,rotura
9528,0,,,,,rotura
9538,0,,,,,rotura
9539,0,,,,,rotura
9540,0,,,,,rotura
9550,0,,,,,rotura
9551,0,,,,,rotura
9552,0,,,,,rotura
9553,0,,,,,rotura
9556,0,,,,,rotura
9558,0,,,,,rotura
9559,0,,,,,rotura
9561,0,,,,,rotura
9564,0,,,,,rotura
9565,0,,,,,rotura
9567,0,,,,,rotura
9569,0,,,,,rotura
9571,0,,,,,rotura
9575,0,,,,,rotura
9576,0,,,,,rotura
9589,0,,,,,rotura
9592,0,,,,,rotura
9594,0,,,,,rotura
9597,0,,,,,rotura
9599,0,,,,,rotura
9601,0,,,,,rotura
9602,0,,,,,rotura
9605,0,,,,,rotura
9608,0,,,,,rotura
9610,0,,,,,rotura
9612,0,,,,,rotura
9613,0,,,,,rotura
9614,0,,,,,rotura
9616,0,,,,,rotura
9617,0,,,,,rotura
9619,0,,,,,rotura
9622,0,,,,,rotura
9625,0,,,,,rotura
9626,0,,,,,rotura
9629,0,,,,,rotura
9630,0,,,,,rotura
9631,0,,,,,rotura
9632,0,,,,,rotura
9633,0,,,,,rotura
9634,0,,,,,rotura
9636,0,,,,,rotura
9638,0,,,,,rotura
9640,0,,,,,rotura
9641,0,,,,,rotura
9642,0,,,,,rotura
9645,0,,,,,rotura
9647,0,,,,,rotura
9650,0,,,,,rotura
9651,0,,,,,rotura
9652,0,,,,,rotura
9653,0,,,,,rotura
9655,0,,,,,rotura
9659,0,,,,,rotura
9660,0,,,,,rotura
9663,0,,,,,rotura
9664,0,,,,,rotura
9665,0,,,,,rotura
9666,0,,,,,rotura
9668,0,,,,,rotura
9669,0,,,,,rotura
9671,0,,,,,rotura
9675,0,,,,,rotura
9677,0,,,,,rotura
9678,0,,,,,rotura
9679,0,,,,,rotura
9681,0,,,,,rotura
9682,0,,,,,rotura
9683,0,,,,,rotura
9684,0,,,,,rotura
9685,0,,,,,rotura
9686,0,,,,,rotura
9687,0,,,,,rotura
9690,0,,,,,rotura
9691,0,,,,,rotura
9692,0,,,,,rotura
9693,0,,,,,rotura
9694,0,,,,,rotura
9695,0,,,,,rotura
9697,0,,,,,rotura
9698,0,,,,,rotura
9700,0,,,,,rotura
9701,0,,,,,rotura
9702,0,,,,,rotura
9703,0,,,,,rotura
9704,0,,,,,rotura
9705,0,,,,,rotura
9706,0,,,,,rotura
9708,0,,,,,rotura
9710,0,,,,,rotura
9712,0,,,,,rotura
9713,0,,,,,rotura
9715,0,,,,,rotura
9717,0,,,,,rotura
9718,0,,,,,rotura
9719,0,,,,,rotura
9720,0,,,,,rotura
9722,0,,,,,rotura
9725,0,,,,,rotura
9726,0,,,,,rotura
9727,0,,,,,rotura
9729,0,,,,,rotura
9730,0,,,,,rotura
9733,0,,,,,rotura
9741,0,,,,,rotura
9745,0,,,,,rotura
9746,0,,,,,rotura
9747,0,,,,,rotura
9748,0,,,,,rotura
9750,0,,,,,rotura
9754,0,,,,,rotura
9757,0,,,,,rotura
9758,0,,,,,rotura
9759,0,,,,,rotura
9763,0,,,,,rotura
9766,0,,,,,rotura
9768,0,,,,,rotura
9773,0,,,,,rotura
9776,0,,,,,rotura
9778,0,,,,,rotura
9780,0,,,,,rotura
9782,0,,,,,rotura
9787,0,,,,,rotura
9788,0,,,,,rotura
9789,0,,,,,rotura
9792,0,,,,,rotura
9795,0,,,,,rotura
9797,0,,,,,rotura
9798,0,,,,,rotura
9801,0,,,,,rotura
9803,0,,,,,rotura
9804,0,,,,,rotura
9805,0,,,,,rotura
9806,0,,,,,rotura
9807,0,,,,,rotura
9809,0,,,,,rotura
9810,0,,,,,rotura
9817,0,,,,,rotura
9818,0,,,,,rotura
9821,0,,,,,rotura
9828,0,,,,,rotura
9829,0,,,,,rotura
9830,0,,,,,rotura
9832,0,,,,,rotura
9834,0,,,,,rotura
9835,0,,,,,rotura
9836,0,,,,,rotura
9837,0,,,,,rotura
9838,0,,,,,rotura
9839,0,,,,,rotura
9841,0,,,,,rotura
9846,0,,,,,rotura
9847,0,,,,,rotura
9855,0,,,,,rotura
9862,0,,,,,rotura
9863,0,,,,,rotura
9864,0,,,,,rotura
9865,0,,,,,rotura
9870,0,,,,,rotura
9881,0,,,,,rotura
9882,0,,,,,rotura
9886,0,,,,,rotura
9894,0,,,,,rotura
9909,0,,,,,rotura
9910,0,,,,,rotura
9911,0,,,,,rotura
9912,0,,,,,rotura
9913,0,,,,,rotura
9914,0,,,,,rotura
9915,0,,,,,rotura
9918,0,,,,,rotura
9919,0,,,,,rotura
9921,0,,,,,rotura
9922,0,,,,,rotura
9923,0,,,,,rotura
9924,0,,,,,rotura
9926,0,,,,,rotura
9927,0,,,,,rotura
9928,0,,,,,rotura
9929,0,,,,,rotura
9930,0,,,,,rotura
9931,0,,,,,rotura
9932,0,,,,,rotura
9934,0,,,,,rotura
9937,0,,,,,rotura
9938,0,,,,,rotura
9943,0,,,,,rotura
9947,0,,,,,rotura
9950,0,,,,,rotura
9952,0,,,,,rotura
9953,0,,,,,rotura
9954,0,,,,,rotura
9955,0,,,,,rotura
9956,0,,,,,rotura
9957,0,,,,,rotura
9959,0,,,,,rotura
9965,0,,,,,rotura
9969,0,,,,,rotura
9972,0,,,,,rotura
9973,0,,,,,rotura
9975,0,,,,,rotura
9976,0,,,,,rotura
9977,0,,,,,rotura
9980,0,,,,,rotura
9981,0,,,,,rotura
